measurement_id,energy_difference
0,306309
1,307680
2,393705
3,307989
4,326190
5,329969
6,344489
7,315719
8,307404
9,284244
10,305624
11,336512
12,246690
13,324952
14,311058
15,315811
16,280234
17,296804
18,339137
19,285318
20,119383
21,308263
22,312366
23,251051
24,321791
25,325144
26,308222
27,289885
28,305666
29,302981
30,342739
31,302317
32,321884
33,303917
34,310097
35,299548
36,294265
37,315825
38,340666
39,313091
40,297251
41,306047
42,301887
43,297732
44,340497
45,30450
46,308871
47,316112
48,306019
49,288528
50,320072
51,302294
52,301816
53,301282
54,305630
55,305992
56,261117
57,309482
58,321929
59,300010
60,303434
61,307947
62,327444
63,451116
64,264260
65,318424
66,457004
67,291560
68,303067
69,314758
70,301310
71,296146
72,294115
73,298685
74,336526
75,250895
76,311721
77,312521
78,307038
79,301583
80,310809
81,270377
82,309275
83,296517
84,293839
85,294550
86,291044
87,91492
88,315227
89,308128
90,307396
91,312168
92,350050
93,295667
94,321812
95,310551
96,343695
97,317821
98,333222
99,310857
100,307695
101,317926
102,321203
103,324837
104,301739
105,297093
106,314789
107,332875
108,464838
109,312136
110,304772
111,301507
112,333257
113,321102
114,314745
115,296582
116,302125
117,301220
118,301972
119,311569
120,315375
121,295843
122,274472
123,289821
124,471058
125,322980
126,297783
127,311062
128,324198
129,335060
130,260407
131,294076
132,334568
133,323002
134,280770
135,300826
136,305579
137,343887
138,315129
139,324788
140,312446
141,308149
142,312346
143,315782
144,309189
145,285011
146,346157
147,312872
148,297379
149,291282
150,295147
151,312935
152,243491
153,322008
154,305906
155,330722
156,321369
157,266226
158,305758
159,318334
160,262875
161,310803
162,297804
163,318841
164,293730
165,310956
166,286542
167,305718
168,373884
169,318200
170,315561
171,312007
172,313201
173,311593
174,266657
175,313765
176,334260
177,292392
178,327700
179,305546
180,290680
181,307319
182,244597
183,123799
184,324926
185,238110
186,293892
187,311519
188,310876
189,306547
190,385928
191,303522
192,304896
193,336433
194,255356
195,325220
196,270777
197,318287
198,269110
199,261191
200,439798
201,313480
202,303036
203,317139
204,316740
205,289040
206,329018
207,314875
208,307464
209,311624
210,297609
211,307981
212,318330
213,306179
214,309162
215,301253
216,300674
217,295571
218,315536
219,311647
220,304828
221,346749
222,300560
223,273934
224,304417
225,322950
226,312890
227,320177
228,273805
229,303215
230,298684
231,281185
232,311549
233,239265
234,318680
235,307091
236,227486
237,338673
238,305209
239,328439
240,304912
241,315057
242,295314
243,348000
244,313225
245,298702
246,305533
247,315986
248,317170
249,308393
250,311255
251,288306
252,309097
253,355709
254,319889
255,292759
256,316176
257,263679
258,316628
259,315484
260,322508
261,294683
262,302909
263,303340
264,309118
265,319197
266,289387
267,311069
268,306554
269,321019
270,359262
271,306924
272,312509
273,347642
274,321109
275,310369
276,279529
277,293073
278,306204
279,249410
280,309392
281,347794
282,324824
283,316148
284,184926
285,294047
286,315191
287,280566
288,320377
289,307595
290,316426
291,301486
292,298597
293,303589
294,255034
295,302883
296,320592
297,308212
298,292604
299,306444
300,306887
301,310264
302,333698
303,295480
304,305728
305,279771
306,310445
307,305195
308,304298
309,305785
310,292931
311,310442
312,322021
313,311678
314,320454
315,317469
316,322084
317,307383
318,313960
319,304630
320,298063
321,199121
322,322964
323,269869
324,342770
325,323343
326,290882
327,324887
328,319279
329,311996
330,310839
331,299778
332,332439
333,308263
334,321698
335,312838
336,284821
337,311602
338,322518
339,312276
340,316573
341,311037
342,320546
343,300215
344,351556
345,319910
346,290105
347,328405
348,310505
349,333522
350,303470
351,317805
352,320774
353,324303
354,305298
355,305954
356,309857
357,318255
358,327016
359,285499
360,321762
361,320844
362,301339
363,298508
364,305363
365,300680
366,294089
367,236147
368,327854
369,310942
370,300381
371,378991
372,328710
373,290453
374,288056
375,280352
376,311162
377,291143
378,309718
379,309640
380,308065
381,308340
382,297016
383,309218
384,310312
385,320199
386,308160
387,296929
388,486800
389,290214
390,300616
391,314164
392,295864
393,305889
394,319825
395,291227
396,302486
397,317009
398,299355
399,315215
400,308030
401,293372
402,301800
403,302082
404,294544
405,312384
406,316172
407,257547
408,362007
409,303147
410,301908
411,329934
412,315807
413,311294
414,303761
415,308055
416,426269
417,289984
418,326234
419,321605
420,308321
421,308807
422,294615
423,309256
424,293252
425,299355
426,300596
427,299270
428,245541
429,296300
430,318834
431,248098
432,307000
433,307078
434,308632
435,306587
436,363431
437,304766
438,288015
439,295981
440,319823
441,300025
442,311376
443,310870
444,323325
445,334313
446,288908
447,299216
448,319018
449,240884
450,328003
451,320155
452,294628
453,337736
454,293718
455,329890
456,310132
457,221012
458,306879
459,320623
460,298878
461,297230
462,304748
463,269219
464,313438
465,302970
466,333807
467,304375
468,282103
469,305689
470,311437
471,326435
472,282590
473,315502
474,299090
475,370671
476,310696
477,319183
478,234403
479,312960
480,310649
481,284264
482,311543
483,305130
484,295276
485,308032
486,312920
487,303098
488,317278
489,300100
490,309976
491,191216
492,319646
493,316123
494,280954
495,305930
496,309085
497,320472
498,311433
499,294299
500,296635
501,314811
502,312422
503,316848
504,234475
505,319193
506,307162
507,374371
508,294649
509,310457
510,30034
511,435754
512,289448
513,504566
514,308421
515,316691
516,384672
517,323183
518,325691
519,320964
520,486238
521,304310
522,300573
523,324601
524,308780
525,382940
526,300295
527,287678
528,298286
529,316237
530,330308
531,271360
532,337758
533,387856
534,306130
535,326413
536,308927
537,250167
538,148402
539,290730
540,316785
541,319852
542,286236
543,171896
544,305131
545,290385
546,302522
547,312722
548,312629
549,317488
550,321563
551,317008
552,314579
553,296305
554,309315
555,305987
556,324110
557,294054
558,304774
559,311175
560,277291
561,330500
562,307982
563,322336
564,336789
565,321470
566,378907
567,289128
568,311913
569,322988
570,258882
571,322447
572,306868
573,309155
574,303401
575,294574
576,345522
577,303244
578,295257
579,310694
580,299394
581,310967
582,294305
583,288349
584,284510
585,302677
586,292558
587,308928
588,314575
589,269045
590,352048
591,318279
592,305645
593,288082
594,312452
595,291015
596,300963
597,330163
598,304178
599,310602
600,435690
601,380001
602,504570
603,290278
604,329368
605,267986
606,299209
607,308642
608,317904
609,304039
610,290972
611,314952
612,347110
613,303528
614,308135
615,320128
616,262918
617,315815
618,278838
619,302709
620,323248
621,339570
622,306507
623,296328
624,317520
625,313725
626,313882
627,320167
628,311017
629,356436
630,286124
631,317066
632,334879
633,316818
634,317619
635,310407
636,297998
637,301002
638,355991
639,502052
640,297932
641,183104
642,512696
643,301602
644,337833
645,307883
646,307629
647,316393
648,306926
649,328839
650,337515
651,236944
652,298138
653,311727
654,310499
655,309214
656,317755
657,256459
658,313986
659,323685
660,321072
661,313597
662,310840
663,301448
664,302028
665,303403
666,336345
667,303933
668,309752
669,316625
670,308920
671,319536
672,323087
673,324695
674,327940
675,329666
676,305117
677,317116
678,303148
679,282161
680,326706
681,310044
682,315807
683,304181
684,308006
685,307177
686,317514
687,307370
688,312925
689,317476
690,318356
691,318929
692,312848
693,300939
694,317024
695,288358
696,306602
697,298353
698,32316
699,323815
700,289894
701,323898
702,317685
703,311048
704,311024
705,291284
706,303652
707,324537
708,311647
709,300226
710,323538
711,313117
712,306339
713,302356
714,308423
715,27669
716,312232
717,310749
718,279061
719,304488
720,295972
721,360488
722,342530
723,293347
724,314899
725,295220
726,317163
727,323865
728,308225
729,324750
730,280902
731,290941
732,306378
733,313621
734,292473
735,292008
736,286337
737,298767
738,319925
739,324281
740,297827
741,307531
742,251758
743,300898
744,312265
745,344018
746,317987
747,329406
748,298797
749,310729
750,311736
751,311104
752,300463
753,313917
754,296329
755,318876
756,305226
757,286699
758,322731
759,329185
760,319298
761,303982
762,278598
763,316700
764,369766
765,260980
766,320999
767,311310
768,379694
769,248872
770,302875
771,308140
772,319782
773,306777
774,290378
775,328941
776,348983
777,301093
778,302553
779,304076
780,297655
781,337053
782,303759
783,320366
784,303479
785,310496
786,322247
787,222245
788,301879
789,317545
790,305125
791,315838
792,310900
793,292883
794,287265
795,306625
796,295727
797,298779
798,245642
799,119312
800,305576
801,351171
802,283833
803,321766
804,316489
805,294826
806,337188
807,303574
808,320186
809,314184
810,277127
811,325463
812,325987
813,307827
814,298207
815,306315
816,313157
817,320599
818,333240
819,308402
820,309972
821,237864
822,258960
823,312456
824,306708
825,305514
826,335831
827,311188
828,305815
829,301676
830,314772
831,314127
832,321871
833,230529
834,280049
835,287144
836,302083
837,317476
838,315243
839,290644
840,312098
841,319271
842,310094
843,319054
844,364359
845,296379
846,317299
847,321937
848,304843
849,316401
850,295601
851,324807
852,304504
853,248945
854,185773
855,293489
856,252429
857,300471
858,295997
859,313640
860,313040
861,314079
862,300604
863,287574
864,311077
865,293669
866,321499
867,326158
868,302594
869,290826
870,313765
871,341062
872,297393
873,294044
874,322170
875,264271
876,325265
877,279258
878,279532
879,319874
880,324206
881,313729
882,297679
883,320718
884,273246
885,323675
886,297508
887,312071
888,310430
889,283702
890,323321
891,306405
892,323427
893,296392
894,307241
895,303916
896,335364
897,313688
898,292943
899,308761
900,369617
901,400172
902,314119
903,356673
904,371716
905,339178
906,288393
907,294990
908,310917
909,296933
910,313521
911,304983
912,299500
913,246953
914,317476
915,306296
916,317449
917,414707
918,275157
919,292813
920,320987
921,309240
922,197206
923,320366
924,317042
925,332740
926,295025
927,268090
928,323001
929,319263
930,297701
931,290972
932,325764
933,313931
934,310334
935,309036
936,323159
937,261334
938,140621
939,297483
940,296175
941,322851
942,305599
943,313256
944,286698
945,306665
946,294715
947,305885
948,306370
949,300205
950,299191
951,327532
952,291570
953,284777
954,303790
955,316505
956,308567
957,294301
958,300891
959,314683
960,308790
961,277475
962,273283
963,312807
964,308875
965,308063
966,312479
967,359063
968,291855
969,316194
970,328522
971,322249
972,303691
973,314683
974,337875
975,336486
976,301100
977,324824
978,310572
979,360807
980,309802
981,311455
982,316383
983,297361
984,318866
985,370665
986,320636
987,280074
988,256055
989,316556
990,298097
991,331255
992,286975
993,338897
994,307802
995,325248
996,292475
997,287778
998,342934
999,315949
1000,304823
1001,245256
1002,318059
1003,345528
1004,319331
1005,319509
1006,287716
1007,302456
1008,302913
1009,257461
1010,317252
1011,52340
1012,305141
1013,304953
1014,313598
1015,306783
1016,245159
1017,310059
1018,304374
1019,308512
1020,310111
1021,322002
1022,286269
1023,309280
1024,321657
1025,309540
1026,303745
1027,299019
1028,299663
1029,338441
1030,310345
1031,307043
1032,308233
1033,316341
1034,300364
1035,382070
1036,413413
1037,241073
1038,310473
1039,305534
1040,306680
1041,306402
1042,314341
1043,500523
1044,313694
1045,314493
1046,301582
1047,304243
1048,232547
1049,300363
1050,404184
1051,299168
1052,281464
1053,299079
1054,317035
1055,325800
1056,309022
1057,313601
1058,317158
1059,297405
1060,294940
1061,310299
1062,298136
1063,281461
1064,304034
1065,312170
1066,370471
1067,166382
1068,258595
1069,305130
1070,349489
1071,351539
1072,288660
1073,300998
1074,315314
1075,337544
1076,180141
1077,299168
1078,340819
1079,318872
1080,328901
1081,309004
1082,306670
1083,313148
1084,303274
1085,300293
1086,307490
1087,307116
1088,311466
1089,302319
1090,290835
1091,300311
1092,295352
1093,316291
1094,307182
1095,273615
1096,306901
1097,301841
1098,306481
1099,392534
1100,261366
1101,343804
1102,260691
1103,312716
1104,304928
1105,329114
1106,317572
1107,359166
1108,306286
1109,337119
1110,317921
1111,275745
1112,296870
1113,339405
1114,340485
1115,325104
1116,288235
1117,325190
1118,313077
1119,320579
1120,404963
1121,302990
1122,283840
1123,342128
1124,303704
1125,311768
1126,297072
1127,300174
1128,311673
1129,294194
1130,358259
1131,316473
1132,318311
1133,296476
1134,308834
1135,291855
1136,313140
1137,325201
1138,309268
1139,309887
1140,311799
1141,305972
1142,287816
1143,315388
1144,312331
1145,307116
1146,321662
1147,558613
1148,267536
1149,307373
1150,317874
1151,306741
1152,291286
1153,296147
1154,302424
1155,325666
1156,312032
1157,319032
1158,390907
1159,312116
1160,297563
1161,322778
1162,278741
1163,291936
1164,293752
1165,302266
1166,360125
1167,304972
1168,218548
1169,294396
1170,293950
1171,310400
1172,305179
1173,300524
1174,216092
1175,308917
1176,304783
1177,314111
1178,312790
1179,334004
1180,302043
1181,308833
1182,306359
1183,319284
1184,311678
1185,317959
1186,313045
1187,310323
1188,312311
1189,292355
1190,301900
1191,338354
1192,304513
1193,330275
1194,313041
1195,337843
1196,290572
1197,316485
1198,324182
1199,304256
1200,320222
1201,306472
1202,324972
1203,295014
1204,287285
1205,307561
1206,314013
1207,315582
1208,300592
1209,303060
1210,263603
1211,305257
1212,324744
1213,274180
1214,287100
1215,307524
1216,263301
1217,291685
1218,307829
1219,335402
1220,296171
1221,246029
1222,328750
1223,328237
1224,309295
1225,325292
1226,301688
1227,268369
1228,309719
1229,300237
1230,312264
1231,309269
1232,309632
1233,302319
1234,312328
1235,317669
1236,284186
1237,317200
1238,319589
1239,617494
1240,288031
1241,303500
1242,296751
1243,320018
1244,299434
1245,300474
1246,319452
1247,310427
1248,307554
1249,300378
1250,286633
1251,262849
1252,360020
1253,302886
1254,284221
1255,296431
1256,311649
1257,312414
1258,302196
1259,310926
1260,295589
1261,303018
1262,318790
1263,294116
1264,320444
1265,358198
1266,291996
1267,275548
1268,314102
1269,300152
1270,297925
1271,323428
1272,308226
1273,375846
1274,285895
1275,300588
1276,297401
1277,311016
1278,316795
1279,317425
1280,304155
1281,313159
1282,321252
1283,360650
1284,328767
1285,308417
1286,318856
1287,283487
1288,265802
1289,313095
1290,310975
1291,439665
1292,363720
1293,317682
1294,335579
1295,327680
1296,305411
1297,323724
1298,298990
1299,325771
1300,304676
1301,320304
1302,307338
1303,313128
1304,325466
1305,304574
1306,360618
1307,297532
1308,320273
1309,243378
1310,401553
1311,96776
1312,299910
1313,291762
1314,309535
1315,155909
1316,299674
1317,311623
1318,291429
1319,290470
1320,310350
1321,178496
1322,323065
1323,289589
1324,299397
1325,344454
1326,296903
1327,307521
1328,320574
1329,306709
1330,296091
1331,342908
1332,312541
1333,272291
1334,325582
1335,437053
1336,297457
1337,297807
1338,294179
1339,171857
1340,313547
1341,294256
1342,341233
1343,301195
1344,304368
1345,450935
1346,302711
1347,301720
1348,296665
1349,295715
1350,299394
1351,272890
1352,286333
1353,277896
1354,279285
1355,316109
1356,285278
1357,329928
1358,287314
1359,308607
1360,308128
1361,291157
1362,348027
1363,291699
1364,316025
1365,303692
1366,310451
1367,301869
1368,311146
1369,316496
1370,316425
1371,331243
1372,308986
1373,309492
1374,304900
1375,344325
1376,330638
1377,306559
1378,299268
1379,297498
1380,295934
1381,301249
1382,312160
1383,299875
1384,327088
1385,316740
1386,318156
1387,301872
1388,293099
1389,308096
1390,293918
1391,307467
1392,328715
1393,290438
1394,319354
1395,306910
1396,309037
1397,288318
1398,345947
1399,413734
1400,299004
1401,283933
1402,309641
1403,294657
1404,321095
1405,293477
1406,293831
1407,377399
1408,338601
1409,307831
1410,310473
1411,326946
1412,327316
1413,322408
1414,372603
1415,306285
1416,323321
1417,297656
1418,327904
1419,308021
1420,321488
1421,312296
1422,351938
1423,318158
1424,364282
1425,70691
1426,294886
1427,335732
1428,305094
1429,294993
1430,319121
1431,249765
1432,318592
1433,286706
1434,308489
1435,299553
1436,342225
1437,308300
1438,326336
1439,326030
1440,406492
1441,288189
1442,301249
1443,309698
1444,300171
1445,310377
1446,317852
1447,356031
1448,297456
1449,325986
1450,330698
1451,559649
1452,317342
1453,320484
1454,309952
1455,314566
1456,320347
1457,329514
1458,330048
1459,333845
1460,286366
1461,300236
1462,336564
1463,268734
1464,310699
1465,343344
1466,324367
1467,309506
1468,324262
1469,298651
1470,364870
1471,320751
1472,339052
1473,344185
1474,285225
1475,310166
1476,298748
1477,300151
1478,317231
1479,293183
1480,350785
1481,333879
1482,358039
1483,228859
1484,322899
1485,326776
1486,304845
1487,320602
1488,401761
1489,309628
1490,287987
1491,304964
1492,341423
1493,318621
1494,320691
1495,312704
1496,333165
1497,311387
1498,310826
1499,349762
1500,305463
1501,316166
1502,315934
1503,618942
1504,314279
1505,332276
1506,592584
1507,317296
1508,307630
1509,320050
1510,304917
1511,292361
1512,310285
1513,290757
1514,301154
1515,319143
1516,329294
1517,329747
1518,306091
1519,287432
1520,314455
1521,329245
1522,296315
1523,300323
1524,306976
1525,345461
1526,310864
1527,316208
1528,306294
1529,231693
1530,295706
1531,309740
1532,302414
1533,312712
1534,301313
1535,289834
1536,298278
1537,319196
1538,322245
1539,321689
1540,320616
1541,249731
1542,339381
1543,311107
1544,316477
1545,313940
1546,602330
1547,336385
1548,51178
1549,298276
1550,277466
1551,313831
1552,309719
1553,322522
1554,192572
1555,274075
1556,302773
1557,315995
1558,314635
1559,318825
1560,296187
1561,304386
1562,302486
1563,306370
1564,316517
1565,390782
1566,332342
1567,321420
1568,315479
1569,272135
1570,327716
1571,328308
1572,316576
1573,309248
1574,148237
1575,346959
1576,293531
1577,172739
1578,315346
1579,303011
1580,313664
1581,316030
1582,271933
1583,340498
1584,278027
1585,311493
1586,319388
1587,310878
1588,347760
1589,334956
1590,321189
1591,331096
1592,326096
1593,301286
1594,330421
1595,310495
1596,309747
1597,299236
1598,282248
1599,292733
1600,315040
1601,293959
1602,166027
1603,336746
1604,314919
1605,309331
1606,308248
1607,301676
1608,300196
1609,313447
1610,321860
1611,301656
1612,295505
1613,320071
1614,274936
1615,307755
1616,312148
1617,318350
1618,307228
1619,323314
1620,303076
1621,300578
1622,310763
1623,304396
1624,363384
1625,317275
1626,330995
1627,279009
1628,295194
1629,283904
1630,298274
1631,373465
1632,322413
1633,309462
1634,314728
1635,316414
1636,296754
1637,335838
1638,149314
1639,322245
1640,292432
1641,300313
1642,350411
1643,308436
1644,308272
1645,333172
1646,310570
1647,316870
1648,318972
1649,320110
1650,308319
1651,333521
1652,315729
1653,303842
1654,116014
1655,298161
1656,309983
1657,255102
1658,299255
1659,329815
1660,314090
1661,307722
1662,340378
1663,295877
1664,311369
1665,293916
1666,318449
1667,288870
1668,658076
1669,300835
1670,296933
1671,320551
1672,293011
1673,352108
1674,290056
1675,306468
1676,313834
1677,296801
1678,320571
1679,328931
1680,307223
1681,296968
1682,308382
1683,306147
1684,290652
1685,320861
1686,322195
1687,309685
1688,293978
1689,337852
1690,302232
1691,323725
1692,291450
1693,317063
1694,293764
1695,335179
1696,313954
1697,305442
1698,297593
1699,374226
1700,345747
1701,319973
1702,311434
1703,274065
1704,313151
1705,312981
1706,320786
1707,324749
1708,319110
1709,277464
1710,237512
1711,334388
1712,320189
1713,260168
1714,362791
1715,301251
1716,306583
1717,320133
1718,311525
1719,303572
1720,317714
1721,323094
1722,321900
1723,317264
1724,315335
1725,318032
1726,251343
1727,317861
1728,303618
1729,313691
1730,310295
1731,318878
1732,459656
1733,316086
1734,302454
1735,285748
1736,316806
1737,273836
1738,326990
1739,99401
1740,262917
1741,321508
1742,283264
1743,302884
1744,271408
1745,320637
1746,294416
1747,303086
1748,323824
1749,304053
1750,309791
1751,311817
1752,345255
1753,318755
1754,317054
1755,340667
1756,299535
1757,305952
1758,301229
1759,305306
1760,312729
1761,284241
1762,301167
1763,312321
1764,287093
1765,304993
1766,309346
1767,296050
1768,294920
1769,326937
1770,299715
1771,316102
1772,301485
1773,313138
1774,301311
1775,300750
1776,304674
1777,373650
1778,306572
1779,296167
1780,319291
1781,281440
1782,307809
1783,320232
1784,334187
1785,308212
1786,307425
1787,308215
1788,340209
1789,292157
1790,320296
1791,308374
1792,326925
1793,122680
1794,311647
1795,300303
1796,315217
1797,311360
1798,343504
1799,327087
1800,305644
1801,295184
1802,271821
1803,386531
1804,321693
1805,299367
1806,294875
1807,320392
1808,312076
1809,308308
1810,309781
1811,302012
1812,286696
1813,316380
1814,327550
1815,319858
1816,260279
1817,322213
1818,337704
1819,277187
1820,282944
1821,311314
1822,265416
1823,256836
1824,352782
1825,183616
1826,315844
1827,312848
1828,304629
1829,316539
1830,318727
1831,298011
1832,299279
1833,299908
1834,319218
1835,293504
1836,328177
1837,311499
1838,302467
1839,310528
1840,302508
1841,320828
1842,285877
1843,311187
1844,294568
1845,300033
1846,309492
1847,311819
1848,300090
1849,49866
1850,303045
1851,304824
1852,307191
1853,306148
1854,314131
1855,333780
1856,305465
1857,288058
1858,307645
1859,289401
1860,333711
1861,319826
1862,306092
1863,339457
1864,303204
1865,307181
1866,324026
1867,308548
1868,359502
1869,315059
1870,309249
1871,314577
1872,314320
1873,310101
1874,281079
1875,289086
1876,307758
1877,286119
1878,327204
1879,292073
1880,311049
1881,267558
1882,306692
1883,294558
1884,304739
1885,326176
1886,290620
1887,311027
1888,304548
1889,318649
1890,309791
1891,313793
1892,313664
1893,329849
1894,307308
1895,320247
1896,293266
1897,312425
1898,287294
1899,286579
1900,306875
1901,314229
1902,319077
1903,317096
1904,264296
1905,319506
1906,313813
1907,318824
1908,319268
1909,239965
1910,311893
1911,301049
1912,289459
1913,307285
1914,395433
1915,547552
1916,312264
1917,300172
1918,306912
1919,302949
1920,312019
1921,306102
1922,272558
1923,313323
1924,307926
1925,309782
1926,318100
1927,319337
1928,320536
1929,297816
1930,312139
1931,297488
1932,307161
1933,309600
1934,309193
1935,326445
1936,310272
1937,307113
1938,304899
1939,295464
1940,288620
1941,339003
1942,318384
1943,292893
1944,314354
1945,306680
1946,324639
1947,307172
1948,374361
1949,306508
1950,338282
1951,319320
1952,307330
1953,296762
1954,289842
1955,316977
1956,293203
1957,307148
1958,310653
1959,302648
1960,310132
1961,312530
1962,306827
1963,308811
1964,322142
1965,302278
1966,299727
1967,296292
1968,264830
1969,318651
1970,315995
1971,315326
1972,308587
1973,305112
1974,308594
1975,311830
1976,318426
1977,306092
1978,310014
1979,300387
1980,310887
1981,330923
1982,296772
1983,313758
1984,87333
1985,329206
1986,318204
1987,252077
1988,289161
1989,299863
1990,312518
1991,295366
1992,309943
1993,335400
1994,289031
1995,338605
1996,304438
1997,323648
1998,308887
1999,308129
2000,295806
2001,261843
2002,323222
2003,322119
2004,318174
2005,312542
2006,306513
2007,320795
2008,302030
2009,293363
2010,339303
2011,290657
2012,315079
2013,308967
2014,320719
2015,307488
2016,326373
2017,305458
2018,332939
2019,301881
2020,243514
2021,302669
2022,340242
2023,315177
2024,293393
2025,315687
2026,301224
2027,306487
2028,312224
2029,288796
2030,302231
2031,295342
2032,314695
2033,275415
2034,317604
2035,306359
2036,303127
2037,282130
2038,307786
2039,309346
2040,276333
2041,309449
2042,290470
2043,304731
2044,308663
2045,273648
2046,319901
2047,247165
2048,280096
2049,312138
2050,313688
2051,295643
2052,302192
2053,312152
2054,298916
2055,317117
2056,301544
2057,142137
2058,283267
2059,316041
2060,302469
2061,266619
2062,302369
2063,290352
2064,287816
2065,297753
2066,302838
2067,301238
2068,311337
2069,303350
2070,308751
2071,336978
2072,309736
2073,312891
2074,288851
2075,309419
2076,369943
2077,308585
2078,309129
2079,413721
2080,307680
2081,293211
2082,296922
2083,309377
2084,327714
2085,325719
2086,300323
2087,328176
2088,309035
2089,319375
2090,306253
2091,308291
2092,312855
2093,363839
2094,296908
2095,299664
2096,351583
2097,270735
2098,317837
2099,299898
2100,271561
2101,340947
2102,319770
2103,310336
2104,319025
2105,328653
2106,307673
2107,305326
2108,303842
2109,315556
2110,306936
2111,308844
2112,316614
2113,315443
2114,318949
2115,302417
2116,304056
2117,305431
2118,313405
2119,268832
2120,305484
2121,309749
2122,334711
2123,319582
2124,312705
2125,313105
2126,292212
2127,299226
2128,324333
2129,447654
2130,318054
2131,216178
2132,304180
2133,308811
2134,323141
2135,301585
2136,285677
2137,321723
2138,309885
2139,313460
2140,279493
2141,308318
2142,317945
2143,311594
2144,307068
2145,310194
2146,315987
2147,310740
2148,254274
2149,184357
2150,308206
2151,317543
2152,270301
2153,309740
2154,282052
2155,327979
2156,294843
2157,300449
2158,296314
2159,346522
2160,289078
2161,285790
2162,306658
2163,311083
2164,314836
2165,298157
2166,302383
2167,300724
2168,322807
2169,245317
2170,309123
2171,302907
2172,315921
2173,317734
2174,306945
2175,335594
2176,313025
2177,294622
2178,308598
2179,293363
2180,317555
2181,305954
2182,342790
2183,290826
2184,281155
2185,323547
2186,301508
2187,309273
2188,309354
2189,278837
2190,304162
2191,284887
2192,300269
2193,315684
2194,304141
2195,319464
2196,301561
2197,314205
2198,299182
2199,308058
2200,328310
2201,310143
2202,299888
2203,309763
2204,291691
2205,300899
2206,246234
2207,310667
2208,302116
2209,297466
2210,315155
2211,289035
2212,315847
2213,311285
2214,305375
2215,281391
2216,305132
2217,311399
2218,301143
2219,297660
2220,297615
2221,314875
2222,279114
2223,221779
2224,287059
2225,310421
2226,340957
2227,302990
2228,306851
2229,298189
2230,304117
2231,240727
2232,306767
2233,305726
2234,322363
2235,313035
2236,286003
2237,166026
2238,293625
2239,325367
2240,224378
2241,288434
2242,289170
2243,334124
2244,307607
2245,72917
2246,294225
2247,291563
2248,269768
2249,296089
2250,280848
2251,300349
2252,289587
2253,307818
2254,315924
2255,307440
2256,295195
2257,298530
2258,247361
2259,341398
2260,333516
2261,329972
2262,332334
2263,297862
2264,278348
2265,307158
2266,259404
2267,299599
2268,315776
2269,243163
2270,309824
2271,332518
2272,305406
2273,296653
2274,312894
2275,271562
2276,309631
2277,297605
2278,307490
2279,309280
2280,335080
2281,293625
2282,315704
2283,307566
2284,393830
2285,294758
2286,316252
2287,290242
2288,312347
2289,303523
2290,302532
2291,282326
2292,301857
2293,309344
2294,294749
2295,288828
2296,296581
2297,323343
2298,297188
2299,338892
2300,283007
2301,307166
2302,279145
2303,300543
2304,277516
2305,329934
2306,314518
2307,329768
2308,294695
2309,305785
2310,302108
2311,315381
2312,322842
2313,311329
2314,358382
2315,319440
2316,303157
2317,295800
2318,302562
2319,273851
2320,277622
2321,93956
2322,305648
2323,283532
2324,326404
2325,343218
2326,311948
2327,307666
2328,312701
2329,313364
2330,305670
2331,285461
2332,307968
2333,301018
2334,309789
2335,292000
2336,308393
2337,294041
2338,320018
2339,281474
2340,307586
2341,303076
2342,328486
2343,296380
2344,273722
2345,298556
2346,293555
2347,317404
2348,297659
2349,308519
2350,315104
2351,351220
2352,314823
2353,316346
2354,314131
2355,309304
2356,298536
2357,292830
2358,309302
2359,308194
2360,298051
2361,322257
2362,318112
2363,319067
2364,337872
2365,310345
2366,292608
2367,311324
2368,291996
2369,316181
2370,276966
2371,320431
2372,311113
2373,310037
2374,-4294660008
2375,315200
2376,293563
2377,605776
2378,310119
2379,311399
2380,291779
2381,277899
2382,314997
2383,332482
2384,327830
2385,306015
2386,308845
2387,316519
2388,323982
2389,302229
2390,311906
2391,298466
2392,280576
2393,321339
2394,308569
2395,301313
2396,321294
2397,320622
2398,309976
2399,313809
2400,318557
2401,302775
2402,308121
2403,261559
2404,315100
2405,316976
2406,292787
2407,319037
2408,298545
2409,319078
2410,318064
2411,324526
2412,314230
2413,317042
2414,336873
2415,323643
2416,304534
2417,240186
2418,310839
2419,303365
2420,324674
2421,309609
2422,287668
2423,356268
2424,292189
2425,327434
2426,312766
2427,307550
2428,312093
2429,283169
2430,337902
2431,285662
2432,307593
2433,334823
2434,264845
2435,302797
2436,325726
2437,306287
2438,311802
2439,318426
2440,287994
2441,300309
2442,303564
2443,309065
2444,321968
2445,262699
2446,308789
2447,293201
2448,311104
2449,306542
2450,302565
2451,388275
2452,312959
2453,312000
2454,297233
2455,293845
2456,300686
2457,296453
2458,68280
2459,305185
2460,313159
2461,322436
2462,337376
2463,329309
2464,295814
2465,316573
2466,285174
2467,325146
2468,294672
2469,334504
2470,299657
2471,316000
2472,322903
2473,320827
2474,306448
2475,301606
2476,315101
2477,278712
2478,309785
2479,298276
2480,318361
2481,297997
2482,293320
2483,319812
2484,319290
2485,313682
2486,306425
2487,310273
2488,328673
2489,294725
2490,320820
2491,302593
2492,268392
2493,301216
2494,323048
2495,311827
2496,311722
2497,302124
2498,314364
2499,310004
