306309,307680,393705,307989,326190,329969,344489,315719,307404,284244,305624,336512,246690,324952,311058,315811,280234,296804,339137,285318,119383,308263,312366,251051,321791,325144,308222,289885,305666,302981,342739,302317,321884,303917,310097,299548,294265,315825,340666,313091,297251,306047,301887,297732,340497,30450,308871,316112,306019,288528
320072,302294,301816,301282,305630,305992,261117,309482,321929,300010,303434,307947,327444,451116,264260,318424,457004,291560,303067,314758,301310,296146,294115,298685,336526,250895,311721,312521,307038,301583,310809,270377,309275,296517,293839,294550,291044,91492,315227,308128,307396,312168,350050,295667,321812,310551,343695,317821,333222,310857
307695,317926,321203,324837,301739,297093,314789,332875,464838,312136,304772,301507,333257,321102,314745,296582,302125,301220,301972,311569,315375,295843,274472,289821,471058,322980,297783,311062,324198,335060,260407,294076,334568,323002,280770,300826,305579,343887,315129,324788,312446,308149,312346,315782,309189,285011,346157,312872,297379,291282
295147,312935,243491,322008,305906,330722,321369,266226,305758,318334,262875,310803,297804,318841,293730,310956,286542,305718,373884,318200,315561,312007,313201,311593,266657,313765,334260,292392,327700,305546,290680,307319,244597,123799,324926,238110,293892,311519,310876,306547,385928,303522,304896,336433,255356,325220,270777,318287,269110,261191
439798,313480,303036,317139,316740,289040,329018,314875,307464,311624,297609,307981,318330,306179,309162,301253,300674,295571,315536,311647,304828,346749,300560,273934,304417,322950,312890,320177,273805,303215,298684,281185,311549,239265,318680,307091,227486,338673,305209,328439,304912,315057,295314,348000,313225,298702,305533,315986,317170,308393
311255,288306,309097,355709,319889,292759,316176,263679,316628,315484,322508,294683,302909,303340,309118,319197,289387,311069,306554,321019,359262,306924,312509,347642,321109,310369,279529,293073,306204,249410,309392,347794,324824,316148,184926,294047,315191,280566,320377,307595,316426,301486,298597,303589,255034,302883,320592,308212,292604,306444
306887,310264,333698,295480,305728,279771,310445,305195,304298,305785,292931,310442,322021,311678,320454,317469,322084,307383,313960,304630,298063,199121,322964,269869,342770,323343,290882,324887,319279,311996,310839,299778,332439,308263,321698,312838,284821,311602,322518,312276,316573,311037,320546,300215,351556,319910,290105,328405,310505,333522
303470,317805,320774,324303,305298,305954,309857,318255,327016,285499,321762,320844,301339,298508,305363,300680,294089,236147,327854,310942,300381,378991,328710,290453,288056,280352,311162,291143,309718,309640,308065,308340,297016,309218,310312,320199,308160,296929,486800,290214,300616,314164,295864,305889,319825,291227,302486,317009,299355,315215
308030,293372,301800,302082,294544,312384,316172,257547,362007,303147,301908,329934,315807,311294,303761,308055,426269,289984,326234,321605,308321,308807,294615,309256,293252,299355,300596,299270,245541,296300,318834,248098,307000,307078,308632,306587,363431,304766,288015,295981,319823,300025,311376,310870,323325,334313,288908,299216,319018,240884
328003,320155,294628,337736,293718,329890,310132,221012,306879,320623,298878,297230,304748,269219,313438,302970,333807,304375,282103,305689,311437,326435,282590,315502,299090,370671,310696,319183,234403,312960,310649,284264,311543,305130,295276,308032,312920,303098,317278,300100,309976,191216,319646,316123,280954,305930,309085,320472,311433,294299
296635,314811,312422,316848,234475,319193,307162,374371,294649,310457,30034,435754,289448,504566,308421,316691,384672,323183,325691,320964,486238,304310,300573,324601,308780,382940,300295,287678,298286,316237,330308,271360,337758,387856,306130,326413,308927,250167,148402,290730,316785,319852,286236,171896,305131,290385,302522,312722,312629,317488
321563,317008,314579,296305,309315,305987,324110,294054,304774,311175,277291,330500,307982,322336,336789,321470,378907,289128,311913,322988,258882,322447,306868,309155,303401,294574,345522,303244,295257,310694,299394,310967,294305,288349,284510,302677,292558,308928,314575,269045,352048,318279,305645,288082,312452,291015,300963,330163,304178,310602
435690,380001,504570,290278,329368,267986,299209,308642,317904,304039,290972,314952,347110,303528,308135,320128,262918,315815,278838,302709,323248,339570,306507,296328,317520,313725,313882,320167,311017,356436,286124,317066,334879,316818,317619,310407,297998,301002,355991,502052,297932,183104,512696,301602,337833,307883,307629,316393,306926,328839
337515,236944,298138,311727,310499,309214,317755,256459,313986,323685,321072,313597,310840,301448,302028,303403,336345,303933,309752,316625,308920,319536,323087,324695,327940,329666,305117,317116,303148,282161,326706,310044,315807,304181,308006,307177,317514,307370,312925,317476,318356,318929,312848,300939,317024,288358,306602,298353,32316,323815
289894,323898,317685,311048,311024,291284,303652,324537,311647,300226,323538,313117,306339,302356,308423,27669,312232,310749,279061,304488,295972,360488,342530,293347,314899,295220,317163,323865,308225,324750,280902,290941,306378,313621,292473,292008,286337,298767,319925,324281,297827,307531,251758,300898,312265,344018,317987,329406,298797,310729
311736,311104,300463,313917,296329,318876,305226,286699,322731,329185,319298,303982,278598,316700,369766,260980,320999,311310,379694,248872,302875,308140,319782,306777,290378,328941,348983,301093,302553,304076,297655,337053,303759,320366,303479,310496,322247,222245,301879,317545,305125,315838,310900,292883,287265,306625,295727,298779,245642,119312
305576,351171,283833,321766,316489,294826,337188,303574,320186,314184,277127,325463,325987,307827,298207,306315,313157,320599,333240,308402,309972,237864,258960,312456,306708,305514,335831,311188,305815,301676,314772,314127,321871,230529,280049,287144,302083,317476,315243,290644,312098,319271,310094,319054,364359,296379,317299,321937,304843,316401
295601,324807,304504,248945,185773,293489,252429,300471,295997,313640,313040,314079,300604,287574,311077,293669,321499,326158,302594,290826,313765,341062,297393,294044,322170,264271,325265,279258,279532,319874,324206,313729,297679,320718,273246,323675,297508,312071,310430,283702,323321,306405,323427,296392,307241,303916,335364,313688,292943,308761
369617,400172,314119,356673,371716,339178,288393,294990,310917,296933,313521,304983,299500,246953,317476,306296,317449,414707,275157,292813,320987,309240,197206,320366,317042,332740,295025,268090,323001,319263,297701,290972,325764,313931,310334,309036,323159,261334,140621,297483,296175,322851,305599,313256,286698,306665,294715,305885,306370,300205
299191,327532,291570,284777,303790,316505,308567,294301,300891,314683,308790,277475,273283,312807,308875,308063,312479,359063,291855,316194,328522,322249,303691,314683,337875,336486,301100,324824,310572,360807,309802,311455,316383,297361,318866,370665,320636,280074,256055,316556,298097,331255,286975,338897,307802,325248,292475,287778,342934,315949
304823,245256,318059,345528,319331,319509,287716,302456,302913,257461,317252,52340,305141,304953,313598,306783,245159,310059,304374,308512,310111,322002,286269,309280,321657,309540,303745,299019,299663,338441,310345,307043,308233,316341,300364,382070,413413,241073,310473,305534,306680,306402,314341,500523,313694,314493,301582,304243,232547,300363
404184,299168,281464,299079,317035,325800,309022,313601,317158,297405,294940,310299,298136,281461,304034,312170,370471,166382,258595,305130,349489,351539,288660,300998,315314,337544,180141,299168,340819,318872,328901,309004,306670,313148,303274,300293,307490,307116,311466,302319,290835,300311,295352,316291,307182,273615,306901,301841,306481,392534
261366,343804,260691,312716,304928,329114,317572,359166,306286,337119,317921,275745,296870,339405,340485,325104,288235,325190,313077,320579,404963,302990,283840,342128,303704,311768,297072,300174,311673,294194,358259,316473,318311,296476,308834,291855,313140,325201,309268,309887,311799,305972,287816,315388,312331,307116,321662,558613,267536,307373
317874,306741,291286,296147,302424,325666,312032,319032,390907,312116,297563,322778,278741,291936,293752,302266,360125,304972,218548,294396,293950,310400,305179,300524,216092,308917,304783,314111,312790,334004,302043,308833,306359,319284,311678,317959,313045,310323,312311,292355,301900,338354,304513,330275,313041,337843,290572,316485,324182,304256
320222,306472,324972,295014,287285,307561,314013,315582,300592,303060,263603,305257,324744,274180,287100,307524,263301,291685,307829,335402,296171,246029,328750,328237,309295,325292,301688,268369,309719,300237,312264,309269,309632,302319,312328,317669,284186,317200,319589,617494,288031,303500,296751,320018,299434,300474,319452,310427,307554,300378
286633,262849,360020,302886,284221,296431,311649,312414,302196,310926,295589,303018,318790,294116,320444,358198,291996,275548,314102,300152,297925,323428,308226,375846,285895,300588,297401,311016,316795,317425,304155,313159,321252,360650,328767,308417,318856,283487,265802,313095,310975,439665,363720,317682,335579,327680,305411,323724,298990,325771
304676,320304,307338,313128,325466,304574,360618,297532,320273,243378,401553,96776,299910,291762,309535,155909,299674,311623,291429,290470,310350,178496,323065,289589,299397,344454,296903,307521,320574,306709,296091,342908,312541,272291,325582,437053,297457,297807,294179,171857,313547,294256,341233,301195,304368,450935,302711,301720,296665,295715
299394,272890,286333,277896,279285,316109,285278,329928,287314,308607,308128,291157,348027,291699,316025,303692,310451,301869,311146,316496,316425,331243,308986,309492,304900,344325,330638,306559,299268,297498,295934,301249,312160,299875,327088,316740,318156,301872,293099,308096,293918,307467,328715,290438,319354,306910,309037,288318,345947,413734
299004,283933,309641,294657,321095,293477,293831,377399,338601,307831,310473,326946,327316,322408,372603,306285,323321,297656,327904,308021,321488,312296,351938,318158,364282,70691,294886,335732,305094,294993,319121,249765,318592,286706,308489,299553,342225,308300,326336,326030,406492,288189,301249,309698,300171,310377,317852,356031,297456,325986
330698,559649,317342,320484,309952,314566,320347,329514,330048,333845,286366,300236,336564,268734,310699,343344,324367,309506,324262,298651,364870,320751,339052,344185,285225,310166,298748,300151,317231,293183,350785,333879,358039,228859,322899,326776,304845,320602,401761,309628,287987,304964,341423,318621,320691,312704,333165,311387,310826,349762
305463,316166,315934,618942,314279,332276,592584,317296,307630,320050,304917,292361,310285,290757,301154,319143,329294,329747,306091,287432,314455,329245,296315,300323,306976,345461,310864,316208,306294,231693,295706,309740,302414,312712,301313,289834,298278,319196,322245,321689,320616,249731,339381,311107,316477,313940,602330,336385,51178,298276
277466,313831,309719,322522,192572,274075,302773,315995,314635,318825,296187,304386,302486,306370,316517,390782,332342,321420,315479,272135,327716,328308,316576,309248,148237,346959,293531,172739,315346,303011,313664,316030,271933,340498,278027,311493,319388,310878,347760,334956,321189,331096,326096,301286,330421,310495,309747,299236,282248,292733
315040,293959,166027,336746,314919,309331,308248,301676,300196,313447,321860,301656,295505,320071,274936,307755,312148,318350,307228,323314,303076,300578,310763,304396,363384,317275,330995,279009,295194,283904,298274,373465,322413,309462,314728,316414,296754,335838,149314,322245,292432,300313,350411,308436,308272,333172,310570,316870,318972,320110
308319,333521,315729,303842,116014,298161,309983,255102,299255,329815,314090,307722,340378,295877,311369,293916,318449,288870,658076,300835,296933,320551,293011,352108,290056,306468,313834,296801,320571,328931,307223,296968,308382,306147,290652,320861,322195,309685,293978,337852,302232,323725,291450,317063,293764,335179,313954,305442,297593,374226
345747,319973,311434,274065,313151,312981,320786,324749,319110,277464,237512,334388,320189,260168,362791,301251,306583,320133,311525,303572,317714,323094,321900,317264,315335,318032,251343,317861,303618,313691,310295,318878,459656,316086,302454,285748,316806,273836,326990,99401,262917,321508,283264,302884,271408,320637,294416,303086,323824,304053
309791,311817,345255,318755,317054,340667,299535,305952,301229,305306,312729,284241,301167,312321,287093,304993,309346,296050,294920,326937,299715,316102,301485,313138,301311,300750,304674,373650,306572,296167,319291,281440,307809,320232,334187,308212,307425,308215,340209,292157,320296,308374,326925,122680,311647,300303,315217,311360,343504,327087
305644,295184,271821,386531,321693,299367,294875,320392,312076,308308,309781,302012,286696,316380,327550,319858,260279,322213,337704,277187,282944,311314,265416,256836,352782,183616,315844,312848,304629,316539,318727,298011,299279,299908,319218,293504,328177,311499,302467,310528,302508,320828,285877,311187,294568,300033,309492,311819,300090,49866
303045,304824,307191,306148,314131,333780,305465,288058,307645,289401,333711,319826,306092,339457,303204,307181,324026,308548,359502,315059,309249,314577,314320,310101,281079,289086,307758,286119,327204,292073,311049,267558,306692,294558,304739,326176,290620,311027,304548,318649,309791,313793,313664,329849,307308,320247,293266,312425,287294,286579
306875,314229,319077,317096,264296,319506,313813,318824,319268,239965,311893,301049,289459,307285,395433,547552,312264,300172,306912,302949,312019,306102,272558,313323,307926,309782,318100,319337,320536,297816,312139,297488,307161,309600,309193,326445,310272,307113,304899,295464,288620,339003,318384,292893,314354,306680,324639,307172,374361,306508
338282,319320,307330,296762,289842,316977,293203,307148,310653,302648,310132,312530,306827,308811,322142,302278,299727,296292,264830,318651,315995,315326,308587,305112,308594,311830,318426,306092,310014,300387,310887,330923,296772,313758,87333,329206,318204,252077,289161,299863,312518,295366,309943,335400,289031,338605,304438,323648,308887,308129
295806,261843,323222,322119,318174,312542,306513,320795,302030,293363,339303,290657,315079,308967,320719,307488,326373,305458,332939,301881,243514,302669,340242,315177,293393,315687,301224,306487,312224,288796,302231,295342,314695,275415,317604,306359,303127,282130,307786,309346,276333,309449,290470,304731,308663,273648,319901,247165,280096,312138
313688,295643,302192,312152,298916,317117,301544,142137,283267,316041,302469,266619,302369,290352,287816,297753,302838,301238,311337,303350,308751,336978,309736,312891,288851,309419,369943,308585,309129,413721,307680,293211,296922,309377,327714,325719,300323,328176,309035,319375,306253,308291,312855,363839,296908,299664,351583,270735,317837,299898
271561,340947,319770,310336,319025,328653,307673,305326,303842,315556,306936,308844,316614,315443,318949,302417,304056,305431,313405,268832,305484,309749,334711,319582,312705,313105,292212,299226,324333,447654,318054,216178,304180,308811,323141,301585,285677,321723,309885,313460,279493,308318,317945,311594,307068,310194,315987,310740,254274,184357
308206,317543,270301,309740,282052,327979,294843,300449,296314,346522,289078,285790,306658,311083,314836,298157,302383,300724,322807,245317,309123,302907,315921,317734,306945,335594,313025,294622,308598,293363,317555,305954,342790,290826,281155,323547,301508,309273,309354,278837,304162,284887,300269,315684,304141,319464,301561,314205,299182,308058
328310,310143,299888,309763,291691,300899,246234,310667,302116,297466,315155,289035,315847,311285,305375,281391,305132,311399,301143,297660,297615,314875,279114,221779,287059,310421,340957,302990,306851,298189,304117,240727,306767,305726,322363,313035,286003,166026,293625,325367,224378,288434,289170,334124,307607,72917,294225,291563,269768,296089
280848,300349,289587,307818,315924,307440,295195,298530,247361,341398,333516,329972,332334,297862,278348,307158,259404,299599,315776,243163,309824,332518,305406,296653,312894,271562,309631,297605,307490,309280,335080,293625,315704,307566,393830,294758,316252,290242,312347,303523,302532,282326,301857,309344,294749,288828,296581,323343,297188,338892
283007,307166,279145,300543,277516,329934,314518,329768,294695,305785,302108,315381,322842,311329,358382,319440,303157,295800,302562,273851,277622,93956,305648,283532,326404,343218,311948,307666,312701,313364,305670,285461,307968,301018,309789,292000,308393,294041,320018,281474,307586,303076,328486,296380,273722,298556,293555,317404,297659,308519
315104,351220,314823,316346,314131,309304,298536,292830,309302,308194,298051,322257,318112,319067,337872,310345,292608,311324,291996,316181,276966,320431,311113,310037,-4294660008,315200,293563,605776,310119,311399,291779,277899,314997,332482,327830,306015,308845,316519,323982,302229,311906,298466,280576,321339,308569,301313,321294,320622,309976,313809
318557,302775,308121,261559,315100,316976,292787,319037,298545,319078,318064,324526,314230,317042,336873,323643,304534,240186,310839,303365,324674,309609,287668,356268,292189,327434,312766,307550,312093,283169,337902,285662,307593,334823,264845,302797,325726,306287,311802,318426,287994,300309,303564,309065,321968,262699,308789,293201,311104,306542
302565,388275,312959,312000,297233,293845,300686,296453,68280,305185,313159,322436,337376,329309,295814,316573,285174,325146,294672,334504,299657,316000,322903,320827,306448,301606,315101,278712,309785,298276,318361,297997,293320,319812,319290,313682,306425,310273,328673,294725,320820,302593,268392,301216,323048,311827,311722,302124,314364,310004
